fresh,0,-1
fresh,1,-1
fresh,2,-1
fresh,3,-1
fresh,4,-1
fresh,5,-1
fresh,6,-1
fresh,7,-1
fresh,8,-1
fresh,9,-1
fresh,10,-1
fresh,11,-1
fresh,12,-1
fresh,13,-0.998000026
fresh,14,-0.995999992
fresh,15,-0.994000018
fresh,16,-0.991999984
fresh,17,-0.99000001
fresh,18,-0.987999976
fresh,19,-0.986000001
fresh,20,-0.984000027
fresh,21,-0.981999993
fresh,22,-0.980000019
fresh,23,-0.977999985
fresh,24,-0.976000011
fresh,25,-0.973999977
fresh,26,-0.972000003
fresh,27,-0.970000029
fresh,28,-0.967999995
fresh,29,-0.966000021
fresh,30,-0.963999987
fresh,31,-0.962000012
fresh,32,-0.959999979
fresh,33,-0.958000004
fresh,34,-0.95599997
fresh,35,-0.953999996
fresh,36,-0.952000022
fresh,37,-0.949999988
fresh,38,-0.948000014
fresh,39,-0.94599998
fresh,40,-0.944000006
fresh,41,-0.941999972
fresh,42,-0.939999998
fresh,43,-0.938000023
fresh,44,-0.93599999
fresh,45,-0.934000015
fresh,46,-0.931999981
fresh,47,-0.930000007
fresh,48,-0.927999973
fresh,49,-0.925999999
fresh,50,-0.924000025
fresh,51,-0.921999991
fresh,52,-0.920000017
fresh,53,-0.917999983
fresh,54,-0.916000009
fresh,55,-0.913999975
fresh,56,-0.912
fresh,57,-0.910000026
fresh,58,-0.907999992
fresh,59,-0.906000018
fresh,60,-0.903999984
fresh,61,-0.90200001
fresh,62,-0.899999976
fresh,63,-0.898000002
fresh,64,-0.896000028
fresh,65,-0.893999994
fresh,66,-0.89200002
fresh,67,-0.889999986
fresh,68,-0.888000011
fresh,69,-0.885999978
fresh,70,-0.884000003
fresh,71,-0.882000029
fresh,72,-0.879999995
fresh,73,-0.878000021
fresh,74,-0.875999987
fresh,75,-0.874000013
fresh,76,-0.871999979
fresh,77,-0.870000005
fresh,78,-0.867999971
fresh,79,-0.865999997
fresh,80,-0.864000022
fresh,81,-0.861999989
fresh,82,-0.860000014
fresh,83,-0.85799998
fresh,84,-0.856000006
fresh,85,-0.853999972
fresh,86,-0.851999998
fresh,87,-0.850000024
fresh,88,-0.84799999
fresh,89,-0.846000016
fresh,90,-0.843999982
fresh,91,-0.842000008
fresh,92,-0.839999974
fresh,93,-0.838
fresh,94,-0.836000025
fresh,95,-0.833999991
fresh,96,-0.832000017
fresh,97,-0.829999983
fresh,98,-0.828000009
fresh,99,-0.825999975
fresh,100,-0.824000001
fresh,101,-0.822000027
fresh,102,-0.819999993
fresh,103,-0.818000019
fresh,104,-0.815999985
fresh,105,-0.81400001
fresh,106,-0.811999977
fresh,107,-0.810000002
fresh,108,-0.808000028
fresh,109,-0.805999994
fresh,110,-0.80400002
fresh,111,-0.801999986
fresh,112,-0.800000012
fresh,113,-0.797999978
fresh,114,-0.796000004
fresh,115,-0.79400003
fresh,116,-0.791999996
fresh,117,-0.790000021
fresh,118,-0.787999988
fresh,119,-0.786000013
fresh,120,-0.783999979
fresh,121,-0.782000005
fresh,122,-0.779999971
fresh,123,-0.777999997
fresh,124,-0.776000023
fresh,125,-0.773999989
fresh,126,-0.772000015
fresh,127,-0.769999981
fresh,128,-0.768000007
fresh,129,-0.765999973
fresh,130,-0.763999999
fresh,131,-0.762000024
fresh,132,-0.75999999
fresh,133,-0.758000016
fresh,134,-0.755999982
fresh,135,-0.754000008
fresh,136,-0.751999974
fresh,137,-0.75
fresh,138,-0.748000026
fresh,139,-0.745999992
fresh,140,-0.744000018
fresh,141,-0.741999984
fresh,142,-0.74000001
fresh,143,-0.737999976
fresh,144,-0.736000001
fresh,145,-0.734000027
fresh,146,-0.731999993
fresh,147,-0.730000019
fresh,148,-0.727999985
fresh,149,-0.726000011
fresh,150,-0.723999977
fresh,151,-0.722000003
fresh,152,-0.720000029
fresh,153,-0.717999995
fresh,154,-0.716000021
fresh,155,-0.713999987
fresh,156,-0.712000012
fresh,157,-0.709999979
fresh,158,-0.708000004
fresh,159,-0.70599997
fresh,160,-0.703999996
fresh,161,-0.702000022
fresh,162,-0.699999988
fresh,163,-0.698000014
fresh,164,-0.69599998
fresh,165,-0.694000006
fresh,166,-0.691999972
fresh,167,-0.689999998
fresh,168,-0.688000023
fresh,169,-0.68599999
fresh,170,-0.684000015
fresh,171,-0.681999981
fresh,172,-0.680000007
fresh,173,-0.677999973
fresh,174,-0.675999999
fresh,175,-0.674000025
fresh,176,-0.671999991
fresh,177,-0.670000017
fresh,178,-0.667999983
fresh,179,-0.666000009
fresh,180,-0.663999975
fresh,181,-0.662
fresh,182,-0.660000026
fresh,183,-0.657999992
fresh,184,-0.656000018
fresh,185,-0.653999984
fresh,186,-0.65200001
fresh,187,-0.649999976
fresh,188,-0.648000002
fresh,189,-0.646000028
fresh,190,-0.643999994
fresh,191,-0.64200002
fresh,192,-0.639999986
fresh,193,-0.638000011
fresh,194,-0.635999978
fresh,195,-0.634000003
fresh,196,-0.632000029
fresh,197,-0.629999995
fresh,198,-0.628000021
fresh,199,-0.625999987
fresh,200,-0.624000013
fresh,201,-0.621999979
fresh,202,-0.620000005
fresh,203,-0.617999971
fresh,204,-0.615999997
fresh,205,-0.614000022
fresh,206,-0.611999989
fresh,207,-0.610000014
fresh,208,-0.60799998
fresh,209,-0.606000006
fresh,210,-0.603999972
fresh,211,-0.601999998
fresh,212,-0.600000024
fresh,213,-0.59799999
fresh,214,-0.596000016
fresh,215,-0.593999982
fresh,216,-0.592000008
fresh,217,-0.589999974
fresh,218,-0.588
fresh,219,-0.586000025
fresh,220,-0.583999991
fresh,221,-0.582000017
fresh,222,-0.579999983
fresh,223,-0.578000009
fresh,224,-0.575999975
fresh,225,-0.574000001
fresh,226,-0.572000027
fresh,227,-0.569999993
fresh,228,-0.568000019
fresh,229,-0.565999985
fresh,230,-0.56400001
fresh,231,-0.561999977
fresh,232,-0.560000002
fresh,233,-0.558000028
fresh,234,-0.555999994
fresh,235,-0.55400002
fresh,236,-0.551999986
fresh,237,-0.550000012
fresh,238,-0.547999978
fresh,239,-0.546000004
fresh,240,-0.54400003
fresh,241,-0.541999996
fresh,242,-0.540000021
fresh,243,-0.537999988
fresh,244,-0.536000013
fresh,245,-0.533999979
fresh,246,-0.532000005
fresh,247,-0.529999971
fresh,248,-0.527999997
fresh,249,-0.526000023
fresh,250,-0.523999989
fresh,251,-0.522000015
fresh,252,-0.519999981
fresh,253,-0.518000007
fresh,254,-0.515999973
fresh,255,-0.513999999
fresh,256,-0.512000024
fresh,257,-0.50999999
fresh,258,-0.508000016
fresh,259,-0.505999982
fresh,260,-0.504000008
fresh,261,-0.501999974
fresh,262,-0.5
fresh,263,-0.497999996
fresh,264,-0.495999992
fresh,265,-0.493999988
fresh,266,-0.492000014
fresh,267,-0.49000001
fresh,268,-0.488000005
fresh,269,-0.486000001
fresh,270,-0.483999997
fresh,271,-0.481999993
fresh,272,-0.479999989
fresh,273,-0.477999985
fresh,274,-0.476000011
fresh,275,-0.474000007
fresh,276,-0.472000003
fresh,277,-0.469999999
fresh,278,-0.467999995
fresh,279,-0.465999991
fresh,280,-0.463999987
fresh,281,-0.462000012
fresh,282,-0.460000008
fresh,283,-0.458000004
fresh,284,-0.456
fresh,285,-0.453999996
fresh,286,-0.451999992
fresh,287,-0.449999988
fresh,288,-0.448000014
fresh,289,-0.44600001
fresh,290,-0.444000006
fresh,291,-0.442000002
fresh,292,-0.439999998
fresh,293,-0.437999994
fresh,294,-0.43599999
fresh,295,-0.433999985
fresh,296,-0.432000011
fresh,297,-0.430000007
fresh,298,-0.428000003
fresh,299,-0.425999999
fresh,300,-0.423999995
fresh,301,-0.421999991
fresh,302,-0.419999987
fresh,303,-0.418000013
fresh,304,-0.416000009
fresh,305,-0.414000005
fresh,306,-0.412
fresh,307,-0.409999996
fresh,308,-0.407999992
fresh,309,-0.405999988
fresh,310,-0.404000014
fresh,311,-0.40200001
fresh,312,-0.400000006
fresh,313,-0.398000002
fresh,314,-0.395999998
fresh,315,-0.393999994
fresh,316,-0.39199999
fresh,317,-0.389999986
fresh,318,-0.388000011
fresh,319,-0.386000007
fresh,320,-0.384000003
fresh,321,-0.381999999
fresh,322,-0.379999995
fresh,323,-0.377999991
fresh,324,-0.375999987
fresh,325,-0.374000013
fresh,326,-0.372000009
fresh,327,-0.370000005
fresh,328,-0.368000001
fresh,329,-0.365999997
fresh,330,-0.363999993
fresh,331,-0.361999989
fresh,332,-0.360000014
fresh,333,-0.35800001
fresh,334,-0.356000006
fresh,335,-0.354000002
fresh,336,-0.351999998
fresh,337,-0.349999994
fresh,338,-0.34799999
fresh,339,-0.345999986
fresh,340,-0.344000012
fresh,341,-0.342000008
fresh,342,-0.340000004
fresh,343,-0.338
fresh,344,-0.335999995
fresh,345,-0.333999991
fresh,346,-0.331999987
fresh,347,-0.330000013
fresh,348,-0.328000009
fresh,349,-0.326000005
fresh,350,-0.324000001
fresh,351,-0.321999997
fresh,352,-0.319999993
fresh,353,-0.317999989
fresh,354,-0.316000015
fresh,355,-0.31400001
fresh,356,-0.312000006
fresh,357,-0.310000002
fresh,358,-0.307999998
fresh,359,-0.305999994
fresh,360,-0.30399999
fresh,361,-0.301999986
fresh,362,-0.300000012
fresh,363,-0.298000008
fresh,364,-0.296000004
fresh,365,-0.294
fresh,366,-0.291999996
fresh,367,-0.289999992
fresh,368,-0.287999988
fresh,369,-0.286000013
fresh,370,-0.284000009
fresh,371,-0.282000005
fresh,372,-0.280000001
fresh,373,-0.277999997
fresh,374,-0.275999993
fresh,375,-0.273999989
fresh,376,-0.272000015
fresh,377,-0.270000011
fresh,378,-0.268000007
fresh,379,-0.266000003
fresh,380,-0.263999999
fresh,381,-0.261999995
fresh,382,-0.25999999
fresh,383,-0.257999986
fresh,384,-0.256000012
fresh,385,-0.254000008
fresh,386,-0.252000004
fresh,387,-0.25
fresh,388,-0.247999996
fresh,389,-0.246000007
fresh,390,-0.244000003
fresh,391,-0.241999999
fresh,392,-0.239999995
fresh,393,-0.238000005
fresh,394,-0.236000001
fresh,395,-0.233999997
fresh,396,-0.231999993
fresh,397,-0.230000004
fresh,398,-0.228
fresh,399,-0.225999996
fresh,400,-0.224000007
fresh,401,-0.222000003
fresh,402,-0.219999999
fresh,403,-0.217999995
fresh,404,-0.216000006
fresh,405,-0.214000002
fresh,406,-0.211999997
fresh,407,-0.209999993
fresh,408,-0.208000004
fresh,409,-0.206
fresh,410,-0.203999996
fresh,411,-0.202000007
fresh,412,-0.200000003
fresh,413,-0.197999999
fresh,414,-0.195999995
fresh,415,-0.194000006
fresh,416,-0.192000002
fresh,417,-0.189999998
fresh,418,-0.187999994
fresh,419,-0.186000004
fresh,420,-0.184
fresh,421,-0.181999996
fresh,422,-0.180000007
fresh,423,-0.178000003
fresh,424,-0.175999999
fresh,425,-0.173999995
fresh,426,-0.172000006
fresh,427,-0.170000002
fresh,428,-0.167999998
fresh,429,-0.165999994
fresh,430,-0.164000005
fresh,431,-0.162
fresh,432,-0.159999996
fresh,433,-0.158000007
fresh,434,-0.156000003
fresh,435,-0.153999999
fresh,436,-0.151999995
fresh,437,-0.150000006
fresh,438,-0.148000002
fresh,439,-0.145999998
fresh,440,-0.143999994
fresh,441,-0.142000005
fresh,442,-0.140000001
fresh,443,-0.137999997
fresh,444,-0.136000007
fresh,445,-0.134000003
fresh,446,-0.131999999
fresh,447,-0.129999995
fresh,448,-0.128000006
fresh,449,-0.126000002
fresh,450,-0.123999998
fresh,451,-0.122000001
fresh,452,-0.119999997
fresh,453,-0.118000001
fresh,454,-0.115999997
fresh,455,-0.114
fresh,456,-0.112000003
fresh,457,-0.109999999
fresh,458,-0.108000003
fresh,459,-0.105999999
fresh,460,-0.104000002
fresh,461,-0.101999998
fresh,462,-0.100000001
fresh,463,-0.0979999974
fresh,464,-0.0960000008
fresh,465,-0.0939999968
fresh,466,-0.0920000002
fresh,467,-0.0900000036
fresh,468,-0.0879999995
fresh,469,-0.0860000029
fresh,470,-0.0839999989
fresh,471,-0.0820000023
fresh,472,-0.0799999982
fresh,473,-0.0780000016
fresh,474,-0.0759999976
fresh,475,-0.074000001
fresh,476,-0.0719999969
fresh,477,-0.0700000003
fresh,478,-0.0680000037
fresh,479,-0.0659999996
fresh,480,-0.064000003
fresh,481,-0.061999999
fresh,482,-0.0599999987
fresh,483,-0.0579999983
fresh,484,-0.0560000017
fresh,485,-0.0540000014
fresh,486,-0.0520000011
fresh,487,-0.0500000007
fresh,488,-0.0480000004
fresh,489,-0.0460000001
fresh,490,-0.0439999998
fresh,491,-0.0419999994
fresh,492,-0.0399999991
fresh,493,-0.0379999988
fresh,494,-0.0359999985
fresh,495,-0.0340000018
fresh,496,-0.0320000015
fresh,497,-0.0299999993
fresh,498,-0.0280000009
fresh,499,-0.0260000005
fresh,500,-0.0240000002
fresh,501,-0.0219999999
fresh,502,-0.0199999996
fresh,503,-0.0179999992
fresh,504,-0.0160000008
fresh,505,-0.0140000004
fresh,506,-0.0120000001
fresh,507,-0.00999999978
fresh,508,-0.00800000038
fresh,509,-0.00600000005
fresh,510,-0.00400000019
fresh,511,-0.00200000009
fresh,512,-0
fresh,513,0.00200006249
fresh,514,0.00400012499
fresh,515,0.00600018771
fresh,516,0.00800024997
fresh,517,0.0100003127
fresh,518,0.0120003754
fresh,519,0.0140004372
fresh,520,0.0160004999
fresh,521,0.0180005617
fresh,522,0.0200006254
fresh,523,0.0220006872
fresh,524,0.0240007509
fresh,525,0.0260008126
fresh,526,0.0280008744
fresh,527,0.0300009381
fresh,528,0.0320009999
fresh,529,0.0340010636
fresh,530,0.0360011235
fresh,531,0.0380011871
fresh,532,0.0400012508
fresh,533,0.0420013107
fresh,534,0.0440013744
fresh,535,0.0460014381
fresh,536,0.0480015017
fresh,537,0.0500015616
fresh,538,0.0520016253
fresh,539,0.054001689
fresh,540,0.0560017489
fresh,541,0.0580018125
fresh,542,0.0600018762
fresh,543,0.0620019361
fresh,544,0.0640019998
fresh,545,0.0660020635
fresh,546,0.0680021271
fresh,547,0.0700021908
fresh,548,0.072002247
fresh,549,0.0740023106
fresh,550,0.0760023743
fresh,551,0.0780024379
fresh,552,0.0800025016
fresh,553,0.0820025653
fresh,554,0.0840026215
fresh,555,0.0860026851
fresh,556,0.0880027488
fresh,557,0.0900028124
fresh,558,0.0920028761
fresh,559,0.0940029398
fresh,560,0.0960030034
fresh,561,0.0980030596
fresh,562,0.100003123
fresh,563,0.102003187
fresh,564,0.104003251
fresh,565,0.106003314
fresh,566,0.108003378
fresh,567,0.110003434
fresh,568,0.112003498
fresh,569,0.114003561
fresh,570,0.116003625
fresh,571,0.118003689
fresh,572,0.120003752
fresh,573,0.122003816
fresh,574,0.124003872
fresh,575,0.126003936
fresh,576,0.128004
fresh,577,0.130004063
fresh,578,0.132004127
fresh,579,0.134004191
fresh,580,0.136004254
fresh,581,0.138004318
fresh,582,0.140004382
fresh,583,0.14200443
fresh,584,0.144004494
fresh,585,0.146004558
fresh,586,0.148004621
fresh,587,0.150004685
fresh,588,0.152004749
fresh,589,0.154004812
fresh,590,0.156004876
fresh,591,0.15800494
fresh,592,0.160005003
fresh,593,0.162005067
fresh,594,0.164005131
fresh,595,0.166005194
fresh,596,0.168005243
fresh,597,0.170005307
fresh,598,0.17200537
fresh,599,0.174005434
fresh,600,0.176005498
fresh,601,0.178005561
fresh,602,0.180005625
fresh,603,0.182005689
fresh,604,0.184005752
fresh,605,0.186005816
fresh,606,0.18800588
fresh,607,0.190005943
fresh,608,0.192006007
fresh,609,0.194006056
fresh,610,0.196006119
fresh,611,0.198006183
fresh,612,0.200006247
fresh,613,0.20200631
fresh,614,0.204006374
fresh,615,0.206006438
fresh,616,0.208006501
fresh,617,0.210006565
fresh,618,0.212006629
fresh,619,0.214006692
fresh,620,0.216006756
fresh,621,0.218006819
fresh,622,0.220006868
fresh,623,0.222006932
fresh,624,0.224006996
fresh,625,0.226007059
fresh,626,0.228007123
fresh,627,0.230007187
fresh,628,0.23200725
fresh,629,0.234007314
fresh,630,0.236007378
fresh,631,0.238007441
fresh,632,0.240007505
fresh,633,0.242007568
fresh,634,0.244007632
fresh,635,0.246007681
fresh,636,0.248007745
fresh,637,0.250007808
fresh,638,0.252007872
fresh,639,0.254007936
fresh,640,0.256007999
fresh,641,0.258008063
fresh,642,0.260008126
fresh,643,0.26200819
fresh,644,0.264008254
fresh,645,0.266008317
fresh,646,0.268008381
fresh,647,0.270008445
fresh,648,0.272008508
fresh,649,0.274008572
fresh,650,0.276008636
fresh,651,0.278008699
fresh,652,0.280008763
fresh,653,0.282008827
fresh,654,0.284008861
fresh,655,0.286008924
fresh,656,0.288008988
fresh,657,0.290009052
fresh,658,0.292009115
fresh,659,0.294009179
fresh,660,0.296009243
fresh,661,0.298009306
fresh,662,0.30000937
fresh,663,0.302009434
fresh,664,0.304009497
fresh,665,0.306009561
fresh,666,0.308009624
fresh,667,0.310009688
fresh,668,0.312009752
fresh,669,0.314009815
fresh,670,0.316009879
fresh,671,0.318009943
fresh,672,0.320010006
fresh,673,0.32201007
fresh,674,0.324010134
fresh,675,0.326010197
fresh,676,0.328010261
fresh,677,0.330010325
fresh,678,0.332010388
fresh,679,0.334010452
fresh,680,0.336010486
fresh,681,0.33801055
fresh,682,0.340010613
fresh,683,0.342010677
fresh,684,0.344010741
fresh,685,0.346010804
fresh,686,0.348010868
fresh,687,0.350010931
fresh,688,0.352010995
fresh,689,0.354011059
fresh,690,0.356011122
fresh,691,0.358011186
fresh,692,0.36001125
fresh,693,0.362011313
fresh,694,0.364011377
fresh,695,0.366011441
fresh,696,0.368011504
fresh,697,0.370011568
fresh,698,0.372011632
fresh,699,0.374011695
fresh,700,0.376011759
fresh,701,0.378011823
fresh,702,0.380011886
fresh,703,0.38201195
fresh,704,0.384012014
fresh,705,0.386012077
fresh,706,0.388012111
fresh,707,0.390012175
fresh,708,0.392012239
fresh,709,0.394012302
fresh,710,0.396012366
fresh,711,0.398012429
fresh,712,0.400012493
fresh,713,0.402012557
fresh,714,0.40401262
fresh,715,0.406012684
fresh,716,0.408012748
fresh,717,0.410012811
fresh,718,0.412012875
fresh,719,0.414012939
fresh,720,0.416013002
fresh,721,0.418013066
fresh,722,0.42001313
fresh,723,0.422013193
fresh,724,0.424013257
fresh,725,0.426013321
fresh,726,0.428013384
fresh,727,0.430013448
fresh,728,0.432013512
fresh,729,0.434013575
fresh,730,0.436013639
fresh,731,0.438013703
fresh,732,0.440013736
fresh,733,0.4420138
fresh,734,0.444013864
fresh,735,0.446013927
fresh,736,0.448013991
fresh,737,0.450014055
fresh,738,0.452014118
fresh,739,0.454014182
fresh,740,0.456014246
fresh,741,0.458014309
fresh,742,0.460014373
fresh,743,0.462014437
fresh,744,0.4640145
fresh,745,0.466014564
fresh,746,0.468014628
fresh,747,0.470014691
fresh,748,0.472014755
fresh,749,0.474014819
fresh,750,0.476014882
fresh,751,0.478014946
fresh,752,0.48001501
fresh,753,0.482015073
fresh,754,0.484015137
fresh,755,0.486015201
fresh,756,0.488015264
fresh,757,0.490015298
fresh,758,0.492015362
fresh,759,0.494015425
fresh,760,0.496015489
fresh,761,0.498015553
fresh,762,0.500015616
fresh,763,0.50201571
fresh,764,0.504015744
fresh,765,0.506015837
fresh,766,0.508015871
fresh,767,0.510015965
fresh,768,0.512015998
fresh,769,0.514016092
fresh,770,0.516016126
fresh,771,0.51801616
fresh,772,0.520016253
fresh,773,0.522016287
fresh,774,0.52401638
fresh,775,0.526016414
fresh,776,0.528016508
fresh,777,0.530016541
fresh,778,0.532016635
fresh,779,0.534016669
fresh,780,0.536016762
fresh,781,0.538016796
fresh,782,0.54001689
fresh,783,0.542016923
fresh,784,0.544017017
fresh,785,0.546017051
fresh,786,0.548017144
fresh,787,0.550017178
fresh,788,0.552017272
fresh,789,0.554017305
fresh,790,0.556017399
fresh,791,0.558017433
fresh,792,0.560017526
fresh,793,0.56201756
fresh,794,0.564017653
fresh,795,0.566017687
fresh,796,0.568017721
fresh,797,0.570017815
fresh,798,0.572017848
fresh,799,0.574017942
fresh,800,0.576017976
fresh,801,0.578018069
fresh,802,0.580018103
fresh,803,0.582018197
fresh,804,0.58401823
fresh,805,0.586018324
fresh,806,0.588018358
fresh,807,0.590018451
fresh,808,0.592018485
fresh,809,0.594018579
fresh,810,0.596018612
fresh,811,0.598018706
fresh,812,0.60001874
fresh,813,0.602018833
fresh,814,0.604018867
fresh,815,0.60601896
fresh,816,0.608018994
fresh,817,0.610019088
fresh,818,0.612019122
fresh,819,0.614019215
fresh,820,0.616019249
fresh,821,0.618019342
fresh,822,0.620019376
fresh,823,0.62201941
fresh,824,0.624019504
fresh,825,0.626019537
fresh,826,0.628019631
fresh,827,0.630019665
fresh,828,0.632019758
fresh,829,0.634019792
fresh,830,0.636019886
fresh,831,0.638019919
fresh,832,0.640020013
fresh,833,0.642020047
fresh,834,0.64402014
fresh,835,0.646020174
fresh,836,0.648020267
fresh,837,0.650020301
fresh,838,0.652020395
fresh,839,0.654020429
fresh,840,0.656020522
fresh,841,0.658020556
fresh,842,0.660020649
fresh,843,0.662020683
fresh,844,0.664020777
fresh,845,0.666020811
fresh,846,0.668020904
fresh,847,0.670020938
fresh,848,0.672020972
fresh,849,0.674021065
fresh,850,0.676021099
fresh,851,0.678021193
fresh,852,0.680021226
fresh,853,0.68202132
fresh,854,0.684021354
fresh,855,0.686021447
fresh,856,0.688021481
fresh,857,0.690021574
fresh,858,0.692021608
fresh,859,0.694021702
fresh,860,0.696021736
fresh,861,0.698021829
fresh,862,0.700021863
fresh,863,0.702021956
fresh,864,0.70402199
fresh,865,0.706022084
fresh,866,0.708022118
fresh,867,0.710022211
fresh,868,0.712022245
fresh,869,0.714022338
fresh,870,0.716022372
fresh,871,0.718022466
fresh,872,0.7200225
fresh,873,0.722022533
fresh,874,0.724022627
fresh,875,0.726022661
fresh,876,0.728022754
fresh,877,0.730022788
fresh,878,0.732022882
fresh,879,0.734022915
fresh,880,0.736023009
fresh,881,0.738023043
fresh,882,0.740023136
fresh,883,0.74202317
fresh,884,0.744023263
fresh,885,0.746023297
fresh,886,0.748023391
fresh,887,0.750023425
fresh,888,0.752023518
fresh,889,0.754023552
fresh,890,0.756023645
fresh,891,0.758023679
fresh,892,0.760023773
fresh,893,0.762023807
fresh,894,0.7640239
fresh,895,0.766023934
fresh,896,0.768024027
fresh,897,0.770024061
fresh,898,0.772024155
fresh,899,0.774024189
fresh,900,0.776024222
fresh,901,0.778024316
fresh,902,0.78002435
fresh,903,0.782024443
fresh,904,0.784024477
fresh,905,0.78602457
fresh,906,0.788024604
fresh,907,0.790024698
fresh,908,0.792024732
fresh,909,0.794024825
fresh,910,0.796024859
fresh,911,0.798024952
fresh,912,0.800024986
fresh,913,0.80202508
fresh,914,0.804025114
fresh,915,0.806025207
fresh,916,0.808025241
fresh,917,0.810025334
fresh,918,0.812025368
fresh,919,0.814025462
fresh,920,0.816025496
fresh,921,0.818025589
fresh,922,0.820025623
fresh,923,0.822025716
fresh,924,0.82402575
fresh,925,0.826025784
fresh,926,0.828025877
fresh,927,0.830025911
fresh,928,0.832026005
fresh,929,0.834026039
fresh,930,0.836026132
fresh,931,0.838026166
fresh,932,0.840026259
fresh,933,0.842026293
fresh,934,0.844026387
fresh,935,0.846026421
fresh,936,0.848026514
fresh,937,0.850026548
fresh,938,0.852026641
fresh,939,0.854026675
fresh,940,0.856026769
fresh,941,0.858026803
fresh,942,0.860026896
fresh,943,0.86202693
fresh,944,0.864027023
fresh,945,0.866027057
fresh,946,0.868027151
fresh,947,0.870027184
fresh,948,0.872027278
fresh,949,0.874027312
fresh,950,0.876027405
fresh,951,0.878027439
fresh,952,0.880027473
fresh,953,0.882027566
fresh,954,0.8840276
fresh,955,0.886027694
fresh,956,0.888027728
fresh,957,0.890027821
fresh,958,0.892027855
fresh,959,0.894027948
fresh,960,0.896027982
fresh,961,0.898028076
fresh,962,0.90002811
fresh,963,0.902028203
fresh,964,0.904028237
fresh,965,0.90602833
fresh,966,0.908028364
fresh,967,0.910028458
fresh,968,0.912028491
fresh,969,0.914028585
fresh,970,0.916028619
fresh,971,0.918028712
fresh,972,0.920028746
fresh,973,0.92202884
fresh,974,0.924028873
fresh,975,0.926028967
fresh,976,0.928029001
fresh,977,0.930029035
fresh,978,0.932029128
fresh,979,0.934029162
fresh,980,0.936029255
fresh,981,0.938029289
fresh,982,0.940029383
fresh,983,0.942029417
fresh,984,0.94402951
fresh,985,0.946029544
fresh,986,0.948029637
fresh,987,0.950029671
fresh,988,0.952029765
fresh,989,0.954029799
fresh,990,0.956029892
fresh,991,0.958029926
fresh,992,0.960030019
fresh,993,0.962030053
fresh,994,0.964030147
fresh,995,0.96603018
fresh,996,0.968030274
fresh,997,0.970030308
fresh,998,0.972030401
fresh,999,0.974030435
fresh,1000,0.976030529
fresh,1001,0.978030562
fresh,1002,0.980030596
fresh,1003,0.98203069
fresh,1004,0.984030724
fresh,1005,0.986030817
fresh,1006,0.988030851
fresh,1007,0.990030944
fresh,1008,0.992030978
fresh,1009,0.994031072
fresh,1010,0.996031106
fresh,1011,0.998031199
fresh,1012,1
fresh,1013,1
fresh,1014,1
fresh,1015,1
fresh,1016,1
fresh,1017,1
fresh,1018,1
fresh,1019,1
fresh,1020,1
fresh,1021,1
fresh,1022,1
fresh,1023,1
sequence,512,-0
sequence,513,-0
sequence,512,-0
sequence,511,-0
sequence,510,-0.00249999994
sequence,511,-0.00249999994
sequence,512,-0.00249999994
sequence,514,0.00250007818
sequence,513,0.00250007818
sequence,512,0.00250007818
